screening_id,source_inventory_line,requested_model_or_family,category,cell_type,model_scope_candidate,specific_source_identified,primary_source_title,doi,metadata_status,full_text_access_status,equation_evidence_status,parameter_evidence_status,code_identified,code_url,code_license_status,screening_status,exclusion_or_hold_reason,priority,last_checked
screen_0001,24,Lapicque integrate-and-fire,A1 Reduced point-neuron models,Neuron,cell_function,no,,,not_verified,not_verified,not_verified,not_verified,no,,not_assessed,candidate,"In scope after title-level inventory screening; source-specific bibliographic, full-text, equation, and license evidence remains pending.",medium,2026-07-23
screen_0002,25,Leaky integrate-and-fire,A1 Reduced point-neuron models,Neuron,cell_function,no,,,not_verified,not_verified,not_verified,not_verified,no,,not_assessed,candidate,"In scope after title-level inventory screening; source-specific bibliographic, full-text, equation, and license evidence remains pending.",medium,2026-07-23
screen_0003,26,Stochastic/noisy LIF,A1 Reduced point-neuron models,Neuron,cell_function,no,,,not_verified,not_verified,not_verified,not_verified,no,,not_assessed,candidate,"In scope after title-level inventory screening; source-specific bibliographic, full-text, equation, and license evidence remains pending.",medium,2026-07-23
screen_0004,27,Exponential integrate-and-fire,A1 Reduced point-neuron models,Neuron,cell_function,no,,,not_verified,not_verified,not_verified,not_verified,no,,not_assessed,candidate,"In scope after title-level inventory screening; source-specific bibliographic, full-text, equation, and license evidence remains pending.",medium,2026-07-23
screen_0005,28,Adaptive exponential integrate-and-fire,A1 Reduced point-neuron models,Neuron,cell_function,yes,Adaptive Exponential Integrate-and-Fire Model as an Effective Description of Neuronal Activity,10.1152/jn.00686.2005,verified,source_identified,bibliography_verified,not_verified,no,,not_assessed,promoted,,high,2026-07-23
screen_0006,29,Quadratic integrate-and-fire,A1 Reduced point-neuron models,Neuron,cell_function,no,,,not_verified,not_verified,not_verified,not_verified,no,,not_assessed,candidate,"In scope after title-level inventory screening; source-specific bibliographic, full-text, equation, and license evidence remains pending.",medium,2026-07-23
screen_0007,30,Theta neuron,A1 Reduced point-neuron models,Neuron,cell_function,no,,,not_verified,not_verified,not_verified,not_verified,no,,not_assessed,candidate,"In scope after title-level inventory screening; source-specific bibliographic, full-text, equation, and license evidence remains pending.",medium,2026-07-23
screen_0008,31,Izhikevich simple spiking-neuron model,A1 Reduced point-neuron models,Neuron,cell_function,yes,Simple model of spiking neurons,10.1109/tnn.2003.820440,verified,source_inspected,second_pass_checked,registered,yes,https://izhikevich.org/publications/spikes.htm,license_unclear,promoted,,high,2026-07-23
screen_0009,32,Adaptive-threshold LIF / ALIF,A1 Reduced point-neuron models,Neuron,cell_function,no,,,not_verified,not_verified,not_verified,not_verified,no,,not_assessed,candidate,"In scope after title-level inventory screening; source-specific bibliographic, full-text, equation, and license evidence remains pending.",medium,2026-07-23
screen_0010,33,Allen GLIF1–GLIF5,A1 Reduced point-neuron models,Neuron,cell_function,no,,,not_verified,not_verified,not_verified,not_verified,no,,not_assessed,candidate,"In scope after title-level inventory screening; source-specific bibliographic, full-text, equation, and license evidence remains pending.",medium,2026-07-23
screen_0011,34,Generalized linear point-process neuron,A1 Reduced point-neuron models,Neuron,cell_function,no,,,not_verified,not_verified,not_verified,not_verified,no,,not_assessed,candidate,"In scope after title-level inventory screening; source-specific bibliographic, full-text, equation, and license evidence remains pending.",medium,2026-07-23
screen_0012,58,Hodgkin–Huxley 1952,A2 Conductance-based models,Neuron,cell_function,yes,A quantitative description of membrane current and its application to conduction and excitation in nerve,10.1113/jphysiol.1952.sp004764,verified,source_inspected,second_pass_checked,parameters_incomplete,no,,license_unclear,promoted,,high,2026-07-23
screen_0013,59,Morris–Lecar 1981,A2 Conductance-based models,Neuron,cell_function,yes,Voltage oscillations in the barnacle giant muscle fiber,10.1016/S0006-3495(81)84782-0,verified,source_identified,bibliography_verified,not_verified,no,,not_assessed,promoted,,high,2026-07-23
screen_0014,60,FitzHugh–Nagumo,A2 Conductance-based models,Neuron,cell_function,no,,,not_verified,not_verified,not_verified,not_verified,no,,not_assessed,candidate,"In scope after title-level inventory screening; source-specific bibliographic, full-text, equation, and license evidence remains pending.",medium,2026-07-23
screen_0015,61,Hindmarsh–Rose,A2 Conductance-based models,Neuron,cell_function,no,,,not_verified,not_verified,not_verified,not_verified,no,,not_assessed,candidate,"In scope after title-level inventory screening; source-specific bibliographic, full-text, equation, and license evidence remains pending.",medium,2026-07-23
screen_0016,62,Traub pyramidal-neuron model families,A2 Conductance-based models,Neuron,cell_function,no,,,not_verified,not_verified,not_verified,not_verified,no,,not_assessed,candidate,"In scope after title-level inventory screening; source-specific bibliographic, full-text, equation, and license evidence remains pending.",medium,2026-07-23
screen_0017,63,Wang–Buzsáki fast-spiking interneuron model,A2 Conductance-based models,Neuron,cell_function,no,,,not_verified,not_verified,not_verified,not_verified,no,,not_assessed,candidate,"In scope after title-level inventory screening; source-specific bibliographic, full-text, equation, and license evidence remains pending.",medium,2026-07-23
screen_0018,64,PV-like fast-spiking conductance models,A2 Conductance-based models,Neuron,cell_function,no,,,not_verified,not_verified,not_verified,not_verified,no,,not_assessed,candidate,"In scope after title-level inventory screening; source-specific bibliographic, full-text, equation, and license evidence remains pending.",medium,2026-07-23
screen_0019,65,SST/Martinotti-like conductance models,A2 Conductance-based models,Neuron,cell_function,no,,,not_verified,not_verified,not_verified,not_verified,no,,not_assessed,candidate,"In scope after title-level inventory screening; source-specific bibliographic, full-text, equation, and license evidence remains pending.",medium,2026-07-23
screen_0020,66,VIP-like interneuron models,A2 Conductance-based models,Neuron,cell_function,no,,,not_verified,not_verified,not_verified,not_verified,no,,not_assessed,candidate,"In scope after title-level inventory screening; source-specific bibliographic, full-text, equation, and license evidence remains pending.",medium,2026-07-23
screen_0021,67,LAMP5/neurogliaform/NDNF model families,A2 Conductance-based models,Neuron,cell_function,no,,,not_verified,not_verified,not_verified,not_verified,no,,not_assessed,candidate,"In scope after title-level inventory screening; source-specific bibliographic, full-text, equation, and license evidence remains pending.",medium,2026-07-23
screen_0022,68,Thalamic relay-cell T-type calcium models,A2 Conductance-based models,Neuron,cell_function,no,,,not_verified,not_verified,not_verified,not_verified,no,,not_assessed,candidate,"In scope after title-level inventory screening; source-specific bibliographic, full-text, equation, and license evidence remains pending.",medium,2026-07-23
screen_0023,69,Thalamic reticular-nucleus models,A2 Conductance-based models,Neuron,cell_function,no,,,not_verified,not_verified,not_verified,not_verified,no,,not_assessed,candidate,"In scope after title-level inventory screening; source-specific bibliographic, full-text, equation, and license evidence remains pending.",medium,2026-07-23
screen_0024,70,De Schutter–Bower Purkinje-cell model,A2 Conductance-based models,Neuron,cell_function,no,,,not_verified,not_verified,not_verified,not_verified,no,,not_assessed,candidate,"In scope after title-level inventory screening; source-specific bibliographic, full-text, equation, and license evidence remains pending.",medium,2026-07-23
screen_0025,71,Cerebellar granule-cell conductance models,A2 Conductance-based models,Neuron,cell_function,no,,,not_verified,not_verified,not_verified,not_verified,no,,not_assessed,candidate,"In scope after title-level inventory screening; source-specific bibliographic, full-text, equation, and license evidence remains pending.",medium,2026-07-23
screen_0026,72,D1/D2 medium-spiny-neuron model families,A2 Conductance-based models,Neuron,cell_function,no,,,not_verified,not_verified,not_verified,not_verified,no,,not_assessed,candidate,"In scope after title-level inventory screening; source-specific bibliographic, full-text, equation, and license evidence remains pending.",medium,2026-07-23
screen_0027,91,Rall cable model,A3 Cable and compartmental models,Neuron,cell_intrinsic,no,,,not_verified,not_verified,not_verified,not_verified,no,,not_assessed,candidate,"In scope after title-level inventory screening; source-specific bibliographic, full-text, equation, and license evidence remains pending.",medium,2026-07-23
screen_0028,92,Passive and active compartmental neuron models,A3 Cable and compartmental models,Neuron,cell_intrinsic,no,,,not_verified,not_verified,not_verified,not_verified,no,,not_assessed,candidate,"In scope after title-level inventory screening; source-specific bibliographic, full-text, equation, and license evidence remains pending.",medium,2026-07-23
screen_0029,93,Morphologically reconstructed neuron models,A3 Cable and compartmental models,Neuron,cell_intrinsic,no,,,not_verified,not_verified,not_verified,not_verified,no,,not_assessed,candidate,"In scope after title-level inventory screening; source-specific bibliographic, full-text, equation, and license evidence remains pending.",medium,2026-07-23
screen_0030,94,Naud active-dendrite two-compartment model,A3 Cable and compartmental models,Neuron,cell_intrinsic,no,,,not_verified,not_verified,not_verified,not_verified,no,,not_assessed,candidate,"In scope after title-level inventory screening; source-specific bibliographic, full-text, equation, and license evidence remains pending.",medium,2026-07-23
screen_0031,95,Larkum BAC-firing mechanism models,A3 Cable and compartmental models,Neuron,cell_intrinsic,no,,,not_verified,not_verified,not_verified,not_verified,no,,not_assessed,candidate,"In scope after title-level inventory screening; source-specific bibliographic, full-text, equation, and license evidence remains pending.",medium,2026-07-23
screen_0032,96,CA1 pyramidal dendritic integration models,A3 Cable and compartmental models,Neuron,cell_intrinsic,no,,,not_verified,not_verified,not_verified,not_verified,no,,not_assessed,candidate,"In scope after title-level inventory screening; source-specific bibliographic, full-text, equation, and license evidence remains pending.",medium,2026-07-23
screen_0033,97,CA3 pyramidal multicompartment models,A3 Cable and compartmental models,Neuron,cell_intrinsic,no,,,not_verified,not_verified,not_verified,not_verified,no,,not_assessed,candidate,"In scope after title-level inventory screening; source-specific bibliographic, full-text, equation, and license evidence remains pending.",medium,2026-07-23
screen_0034,98,Cerebellar Purkinje multicompartment models,A3 Cable and compartmental models,Neuron,cell_intrinsic,no,,,not_verified,not_verified,not_verified,not_verified,no,,not_assessed,candidate,"In scope after title-level inventory screening; source-specific bibliographic, full-text, equation, and license evidence remains pending.",medium,2026-07-23
screen_0035,99,Cerebellar granule multicompartment models,A3 Cable and compartmental models,Neuron,cell_intrinsic,no,,,not_verified,not_verified,not_verified,not_verified,no,,not_assessed,candidate,"In scope after title-level inventory screening; source-specific bibliographic, full-text, equation, and license evidence remains pending.",medium,2026-07-23
screen_0036,100,MRG double-cable myelinated-axon model,A3 Cable and compartmental models,Neuron,cell_intrinsic,no,,,not_verified,not_verified,not_verified,not_verified,no,,not_assessed,candidate,"In scope after title-level inventory screening; source-specific bibliographic, full-text, equation, and license evidence remains pending.",medium,2026-07-23
screen_0037,126,Tsodyks–Markram short-term plasticity,B Synaptic and plasticity models,Synapse,cell_function,yes,Neural Networks with Dynamic Synapses,10.1162/089976698300017502,verified,source_identified,bibliography_verified,not_verified,no,,not_assessed,promoted,,high,2026-07-23
screen_0038,127,AMPA conductance models,B Synaptic and plasticity models,Synapse,cell_function,no,,,not_verified,not_verified,not_verified,not_verified,no,,not_assessed,candidate,"In scope after title-level inventory screening; source-specific bibliographic, full-text, equation, and license evidence remains pending.",medium,2026-07-23
screen_0039,128,NMDA conductance models,B Synaptic and plasticity models,Synapse,cell_function,no,,,not_verified,not_verified,not_verified,not_verified,no,,not_assessed,candidate,"In scope after title-level inventory screening; source-specific bibliographic, full-text, equation, and license evidence remains pending.",medium,2026-07-23
screen_0040,129,Voltage-dependent magnesium block of NMDA receptors,B Synaptic and plasticity models,Synapse,cell_function,no,,,not_verified,not_verified,not_verified,not_verified,no,,not_assessed,candidate,"In scope after title-level inventory screening; source-specific bibliographic, full-text, equation, and license evidence remains pending.",medium,2026-07-23
screen_0041,130,GABA_A conductance models,B Synaptic and plasticity models,Synapse,cell_function,no,,,not_verified,not_verified,not_verified,not_verified,no,,not_assessed,candidate,"In scope after title-level inventory screening; source-specific bibliographic, full-text, equation, and license evidence remains pending.",medium,2026-07-23
screen_0042,131,GABA_B conductance models,B Synaptic and plasticity models,Synapse,cell_function,no,,,not_verified,not_verified,not_verified,not_verified,no,,not_assessed,candidate,"In scope after title-level inventory screening; source-specific bibliographic, full-text, equation, and license evidence remains pending.",medium,2026-07-23
screen_0043,132,Vesicle-pool and release-probability models,B Synaptic and plasticity models,Synapse,cell_function,no,,,not_verified,not_verified,not_verified,not_verified,no,,not_assessed,candidate,"In scope after title-level inventory screening; source-specific bibliographic, full-text, equation, and license evidence remains pending.",medium,2026-07-23
screen_0044,133,Song–Miller–Abbott STDP,B Synaptic and plasticity models,Synapse,cell_function,no,,,not_verified,not_verified,not_verified,not_verified,no,,not_assessed,candidate,"In scope after title-level inventory screening; source-specific bibliographic, full-text, equation, and license evidence remains pending.",medium,2026-07-23
screen_0045,134,Calcium-based LTP/LTD models,B Synaptic and plasticity models,Synapse,cell_function,no,,,not_verified,not_verified,not_verified,not_verified,no,,not_assessed,candidate,"In scope after title-level inventory screening; source-specific bibliographic, full-text, equation, and license evidence remains pending.",medium,2026-07-23
screen_0046,135,Graupner–Brunel calcium-plasticity models,B Synaptic and plasticity models,Synapse,cell_function,no,,,not_verified,not_verified,not_verified,not_verified,no,,not_assessed,candidate,"In scope after title-level inventory screening; source-specific bibliographic, full-text, equation, and license evidence remains pending.",medium,2026-07-23
screen_0047,136,Clopath voltage-based STDP,B Synaptic and plasticity models,Synapse,cell_function,no,,,not_verified,not_verified,not_verified,not_verified,no,,not_assessed,candidate,"In scope after title-level inventory screening; source-specific bibliographic, full-text, equation, and license evidence remains pending.",medium,2026-07-23
screen_0048,137,Homeostatic plasticity,B Synaptic and plasticity models,Synapse,cell_function,no,,,not_verified,not_verified,not_verified,not_verified,no,,not_assessed,candidate,"In scope after title-level inventory screening; source-specific bibliographic, full-text, equation, and license evidence remains pending.",medium,2026-07-23
screen_0049,138,Synaptic scaling,B Synaptic and plasticity models,Synapse,cell_function,no,,,not_verified,not_verified,not_verified,not_verified,no,,not_assessed,candidate,"In scope after title-level inventory screening; source-specific bibliographic, full-text, equation, and license evidence remains pending.",medium,2026-07-23
screen_0050,139,Metaplasticity,B Synaptic and plasticity models,Synapse,cell_function,no,,,not_verified,not_verified,not_verified,not_verified,no,,not_assessed,candidate,"In scope after title-level inventory screening; source-specific bibliographic, full-text, equation, and license evidence remains pending.",medium,2026-07-23
screen_0051,140,Heterosynaptic plasticity,B Synaptic and plasticity models,Synapse,cell_function,no,,,not_verified,not_verified,not_verified,not_verified,no,,not_assessed,candidate,"In scope after title-level inventory screening; source-specific bibliographic, full-text, equation, and license evidence remains pending.",medium,2026-07-23
screen_0052,141,Structural plasticity,B Synaptic and plasticity models,Synapse,cell_function,no,,,not_verified,not_verified,not_verified,not_verified,no,,not_assessed,candidate,"In scope after title-level inventory screening; source-specific bibliographic, full-text, equation, and license evidence remains pending.",medium,2026-07-23
screen_0053,142,Axonal conduction-delay plasticity,B Synaptic and plasticity models,Synapse,cell_function,no,,,not_verified,not_verified,not_verified,not_verified,no,,not_assessed,candidate,"In scope after title-level inventory screening; source-specific bibliographic, full-text, equation, and license evidence remains pending.",medium,2026-07-23
screen_0054,143,```,B Synaptic and plasticity models,Synapse,cell_function,no,,,not_applicable,not_applicable,not_applicable,not_applicable,no,,not_applicable,excluded,Malformed Markdown fence parsed from the source inventory; this row is not a model or model family.,medium,2026-07-23
screen_0055,161,De Young–Keizer IP3-receptor model,C1 Astrocyte calcium and IP3,Astrocyte,cell_function,no,,,not_verified,not_verified,not_verified,not_verified,no,,not_assessed,candidate,"In scope after title-level inventory screening; source-specific bibliographic, full-text, equation, and license evidence remains pending.",medium,2026-07-23
screen_0056,162,Li–Rinzel reduced IP3-receptor calcium model,C1 Astrocyte calcium and IP3,Astrocyte,cell_function,yes,Equations for InsP3 Receptor-mediated [Ca2+]i Oscillations Derived from a Detailed Kinetic Model: A Hodgkin-Huxley Like Formalism,10.1006/jtbi.1994.1041,verified,source_identified,bibliography_verified,not_verified,no,,not_assessed,promoted,,high,2026-07-23
screen_0057,163,De Pittà G-ChI astrocyte model,C1 Astrocyte calcium and IP3,Astrocyte,cell_function,yes,Glutamate regulation of calcium and IP3 oscillating and pulsating dynamics in astrocytes,10.1007/s10867-009-9155-y,verified,source_inspected,second_pass_checked,parameters_incomplete,no,,license_unclear,promoted,,high,2026-07-23
screen_0058,164,Astrocyte calcium-induced calcium-release models,C1 Astrocyte calcium and IP3,Astrocyte,cell_function,no,,,not_verified,not_verified,not_verified,not_verified,no,,not_assessed,candidate,"In scope after title-level inventory screening; source-specific bibliographic, full-text, equation, and license evidence remains pending.",medium,2026-07-23
screen_0059,165,Astrocyte calcium microdomain models,C1 Astrocyte calcium and IP3,Astrocyte,cell_function,no,,,not_verified,not_verified,not_verified,not_verified,no,,not_assessed,candidate,"In scope after title-level inventory screening; source-specific bibliographic, full-text, equation, and license evidence remains pending.",medium,2026-07-23
screen_0060,166,Astrocyte calcium-wave reaction–diffusion models,C1 Astrocyte calcium and IP3,Astrocyte,cell_function,no,,,not_verified,not_verified,not_verified,not_verified,no,,not_assessed,candidate,"In scope after title-level inventory screening; source-specific bibliographic, full-text, equation, and license evidence remains pending.",medium,2026-07-23
screen_0061,167,Gap-junction/IP3 diffusion astrocyte-network models,C1 Astrocyte calcium and IP3,Astrocyte,cell_function,no,,,not_verified,not_verified,not_verified,not_verified,no,,not_assessed,candidate,"In scope after title-level inventory screening; source-specific bibliographic, full-text, equation, and license evidence remains pending.",medium,2026-07-23
screen_0062,168,Bergmann-glia calcium models,C1 Astrocyte calcium and IP3,Astrocyte,cell_function,no,,,not_verified,not_verified,not_verified,not_verified,no,,not_assessed,candidate,"In scope after title-level inventory screening; source-specific bibliographic, full-text, equation, and license evidence remains pending.",medium,2026-07-23
screen_0063,169,Müller-glia calcium models,C1 Astrocyte calcium and IP3,Astrocyte,cell_function,no,,,not_verified,not_verified,not_verified,not_verified,no,,not_assessed,candidate,"In scope after title-level inventory screening; source-specific bibliographic, full-text, equation, and license evidence remains pending.",medium,2026-07-23
screen_0064,184,Polykretis multicompartment astrocyte model,C2 Astrocyte morphology,Astrocyte,cell_intrinsic,no,,,not_verified,not_verified,not_verified,not_verified,no,,not_assessed,candidate,"In scope after title-level inventory screening; source-specific bibliographic, full-text, equation, and license evidence remains pending.",medium,2026-07-23
screen_0065,185,ASTRO / Savtchenko three-dimensional astrocyte model,C2 Astrocyte morphology,Astrocyte,cell_intrinsic,no,,,not_verified,not_verified,not_verified,not_verified,no,,not_assessed,candidate,"In scope after title-level inventory screening; source-specific bibliographic, full-text, equation, and license evidence remains pending.",medium,2026-07-23
screen_0066,186,Astrocytic microdomain local-plasticity model,C2 Astrocyte morphology,Astrocyte,cell_intrinsic,no,,,not_verified,not_verified,not_verified,not_verified,no,,not_assessed,candidate,"In scope after title-level inventory screening; source-specific bibliographic, full-text, equation, and license evidence remains pending.",medium,2026-07-23
screen_0067,187,Morphology-dependent astrocytic calcium models,C2 Astrocyte morphology,Astrocyte,cell_intrinsic,no,,,not_verified,not_verified,not_verified,not_verified,no,,not_assessed,candidate,"In scope after title-level inventory screening; source-specific bibliographic, full-text, equation, and license evidence remains pending.",medium,2026-07-23
screen_0068,206,Halnes electrodiffusive astrocyte–extracellular-space model,C3 Astrocyte ion homeostasis,Astrocyte,cell_function,yes,Electrodiffusive Model for Astrocytic and Neuronal Ion Concentration Dynamics,10.1371/journal.pcbi.1003386,verified,source_inspected,equation_located,not_verified,no,,not_assessed,promoted,,high,2026-07-23
screen_0069,207,Astrocytic potassium spatial-buffering models,C3 Astrocyte ion homeostasis,Astrocyte,cell_function,no,,,not_verified,not_verified,not_verified,not_verified,no,,not_assessed,candidate,"In scope after title-level inventory screening; source-specific bibliographic, full-text, equation, and license evidence remains pending.",medium,2026-07-23
screen_0070,208,Kir4.1-based potassium-uptake models,C3 Astrocyte ion homeostasis,Astrocyte,cell_function,no,,,not_verified,not_verified,not_verified,not_verified,no,,not_assessed,candidate,"In scope after title-level inventory screening; source-specific bibliographic, full-text, equation, and license evidence remains pending.",medium,2026-07-23
screen_0071,209,Na+/K+-ATPase astrocyte models,C3 Astrocyte ion homeostasis,Astrocyte,cell_function,no,,,not_verified,not_verified,not_verified,not_verified,no,,not_assessed,candidate,"In scope after title-level inventory screening; source-specific bibliographic, full-text, equation, and license evidence remains pending.",medium,2026-07-23
screen_0072,210,"Na+, K+ and Cl− concentration models",C3 Astrocyte ion homeostasis,Astrocyte,cell_function,no,,,not_verified,not_verified,not_verified,not_verified,no,,not_assessed,candidate,"In scope after title-level inventory screening; source-specific bibliographic, full-text, equation, and license evidence remains pending.",medium,2026-07-23
screen_0073,211,Astrocyte–extracellular-volume models,C3 Astrocyte ion homeostasis,Astrocyte,cell_function,no,,,not_verified,not_verified,not_verified,not_verified,no,,not_assessed,candidate,"In scope after title-level inventory screening; source-specific bibliographic, full-text, equation, and license evidence remains pending.",medium,2026-07-23
screen_0074,212,Cell-volume and osmotic astrocyte models,C3 Astrocyte ion homeostasis,Astrocyte,cell_function,no,,,not_verified,not_verified,not_verified,not_verified,no,,not_assessed,candidate,"In scope after title-level inventory screening; source-specific bibliographic, full-text, equation, and license evidence remains pending.",medium,2026-07-23
screen_0075,213,Müller-glia potassium-siphoning models,C3 Astrocyte ion homeostasis,Astrocyte,cell_function,no,,,not_verified,not_verified,not_verified,not_verified,no,,not_assessed,candidate,"In scope after title-level inventory screening; source-specific bibliographic, full-text, equation, and license evidence remains pending.",medium,2026-07-23
screen_0076,223,Astrocytic EAAT glutamate-uptake models,C4 Astrocyte metabolism,Astrocyte,cell_function,no,,,not_verified,not_verified,not_verified,not_verified,no,,not_assessed,candidate,"In scope after title-level inventory screening; source-specific bibliographic, full-text, equation, and license evidence remains pending.",medium,2026-07-23
screen_0077,224,Glutamate–glutamine-cycle models,C4 Astrocyte metabolism,Astrocyte,cell_function,no,,,not_verified,not_verified,not_verified,not_verified,no,,not_assessed,candidate,"In scope after title-level inventory screening; source-specific bibliographic, full-text, equation, and license evidence remains pending.",medium,2026-07-23
screen_0078,225,Astrocyte–neuron lactate-shuttle models,C4 Astrocyte metabolism,Astrocyte,cell_function,no,,,not_verified,not_verified,not_verified,not_verified,no,,not_assessed,candidate,"In scope after title-level inventory screening; source-specific bibliographic, full-text, equation, and license evidence remains pending.",medium,2026-07-23
screen_0079,226,Glucose–lactate transport models,C4 Astrocyte metabolism,Astrocyte,cell_function,no,,,not_verified,not_verified,not_verified,not_verified,no,,not_assessed,candidate,"In scope after title-level inventory screening; source-specific bibliographic, full-text, equation, and license evidence remains pending.",medium,2026-07-23
screen_0080,227,Astrocytic glycogen-metabolism models,C4 Astrocyte metabolism,Astrocyte,cell_function,no,,,not_verified,not_verified,not_verified,not_verified,no,,not_assessed,candidate,"In scope after title-level inventory screening; source-specific bibliographic, full-text, equation, and license evidence remains pending.",medium,2026-07-23
screen_0081,228,Astrocyte–neuron energy-budget models,C4 Astrocyte metabolism,Astrocyte,cell_function,no,,,not_verified,not_verified,not_verified,not_verified,no,,not_assessed,candidate,"In scope after title-level inventory screening; source-specific bibliographic, full-text, equation, and license evidence remains pending.",medium,2026-07-23
screen_0082,229,Oxygen- and glucose-limited neuron–astrocyte models,C4 Astrocyte metabolism,Astrocyte,cell_function,no,,,not_verified,not_verified,not_verified,not_verified,no,,not_assessed,candidate,"In scope after title-level inventory screening; source-specific bibliographic, full-text, equation, and license evidence remains pending.",medium,2026-07-23
screen_0083,243,Amato–Arnold ischemic-penumbra microglial population model,D1 Microglia population models,Microglia,cell_population,yes,Data-driven modeling and prediction of microglial cell dynamics in the ischemic penumbra,10.1016/j.mbs.2025.109549,verified,not_verified,bibliography_verified,parameters_incomplete,no,,license_unclear,bibliography_verified,Equation audit is not complete.,high,2026-07-23
screen_0084,244,Microglial inflammatory cytokine ODE models,D1 Microglia population models,Microglia,cell_population,no,,,not_verified,not_verified,not_verified,not_verified,no,,not_assessed,candidate,"In scope after title-level inventory screening; source-specific bibliographic, full-text, equation, and license evidence remains pending.",medium,2026-07-23
screen_0085,245,Microglial activation–resolution feedback models,D1 Microglia population models,Microglia,cell_population,no,,,not_verified,not_verified,not_verified,not_verified,no,,not_assessed,candidate,"In scope after title-level inventory screening; source-specific bibliographic, full-text, equation, and license evidence remains pending.",medium,2026-07-23
screen_0086,246,Microglial population growth and death models,D1 Microglia population models,Microglia,cell_population,no,,,not_verified,not_verified,not_verified,not_verified,no,,not_assessed,candidate,"In scope after title-level inventory screening; source-specific bibliographic, full-text, equation, and license evidence remains pending.",medium,2026-07-23
screen_0087,247,Microglial state-transition models,D1 Microglia population models,Microglia,cell_population,no,,,not_verified,not_verified,not_verified,not_verified,no,,not_assessed,candidate,"In scope after title-level inventory screening; source-specific bibliographic, full-text, equation, and license evidence remains pending.",medium,2026-07-23
screen_0088,274,ATP/P2Y12 microglial chemotaxis models,D2 Microglia spatial models,Microglia,cell_population,no,,,not_verified,not_verified,not_verified,not_verified,no,,not_assessed,candidate,"In scope after title-level inventory screening; source-specific bibliographic, full-text, equation, and license evidence remains pending.",medium,2026-07-23
screen_0089,275,Microglial process-extension models,D2 Microglia spatial models,Microglia,cell_population,no,,,not_verified,not_verified,not_verified,not_verified,no,,not_assessed,candidate,"In scope after title-level inventory screening; source-specific bibliographic, full-text, equation, and license evidence remains pending.",medium,2026-07-23
screen_0090,276,Microglial migration PDE models,D2 Microglia spatial models,Microglia,cell_population,no,,,not_verified,not_verified,not_verified,not_verified,no,,not_assessed,candidate,"In scope after title-level inventory screening; source-specific bibliographic, full-text, equation, and license evidence remains pending.",medium,2026-07-23
screen_0091,277,Agent-based microglial migration models,D2 Microglia spatial models,Microglia,cell_population,no,,,not_verified,not_verified,not_verified,not_verified,no,,not_assessed,candidate,"In scope after title-level inventory screening; source-specific bibliographic, full-text, equation, and license evidence remains pending.",medium,2026-07-23
screen_0092,278,Aβ chemotaxis and phagocytosis models,D2 Microglia spatial models,Microglia,cell_population,no,,,not_verified,not_verified,not_verified,not_verified,no,,not_assessed,candidate,"In scope after title-level inventory screening; source-specific bibliographic, full-text, equation, and license evidence remains pending.",medium,2026-07-23
screen_0093,279,Microglial proliferation and plaque-response models,D2 Microglia spatial models,Microglia,cell_population,no,,,not_verified,not_verified,not_verified,not_verified,no,,not_assessed,candidate,"In scope after title-level inventory screening; source-specific bibliographic, full-text, equation, and license evidence remains pending.",medium,2026-07-23
screen_0094,280,Myelin-debris phagocytosis models,D2 Microglia spatial models,Microglia,cell_population,no,,,not_verified,not_verified,not_verified,not_verified,no,,not_assessed,candidate,"In scope after title-level inventory screening; source-specific bibliographic, full-text, equation, and license evidence remains pending.",medium,2026-07-23
screen_0095,301,TREM2–APOE models,D3 Microglia molecular models,Microglia,cell_function,no,,,not_verified,not_verified,not_verified,not_verified,no,,not_assessed,candidate,"In scope after title-level inventory screening; source-specific bibliographic, full-text, equation, and license evidence remains pending.",medium,2026-07-23
screen_0096,302,CX3CL1–CX3CR1 models,D3 Microglia molecular models,Microglia,cell_function,no,,,not_verified,not_verified,not_verified,not_verified,no,,not_assessed,candidate,"In scope after title-level inventory screening; source-specific bibliographic, full-text, equation, and license evidence remains pending.",medium,2026-07-23
screen_0097,303,Complement C1q/C3 models,D3 Microglia molecular models,Microglia,cell_function,no,,,not_verified,not_verified,not_verified,not_verified,no,,not_assessed,candidate,"In scope after title-level inventory screening; source-specific bibliographic, full-text, equation, and license evidence remains pending.",medium,2026-07-23
screen_0098,304,DAM state-transition models,D3 Microglia molecular models,Microglia,cell_function,no,,,not_verified,not_verified,not_verified,not_verified,no,,not_assessed,candidate,"In scope after title-level inventory screening; source-specific bibliographic, full-text, equation, and license evidence remains pending.",medium,2026-07-23
screen_0099,305,Interferon-responsive microglial models,D3 Microglia molecular models,Microglia,cell_function,no,,,not_verified,not_verified,not_verified,not_verified,no,,not_assessed,candidate,"In scope after title-level inventory screening; source-specific bibliographic, full-text, equation, and license evidence remains pending.",medium,2026-07-23
screen_0100,306,Lipid-associated microglial models,D3 Microglia molecular models,Microglia,cell_function,no,,,not_verified,not_verified,not_verified,not_verified,no,,not_assessed,candidate,"In scope after title-level inventory screening; source-specific bibliographic, full-text, equation, and license evidence remains pending.",medium,2026-07-23
screen_0101,307,Gene-regulatory Boolean or ODE models,D3 Microglia molecular models,Microglia,cell_function,no,,,not_verified,not_verified,not_verified,not_verified,no,,not_assessed,candidate,"In scope after title-level inventory screening; source-specific bibliographic, full-text, equation, and license evidence remains pending.",medium,2026-07-23
screen_0102,321,Nikolov oligodendrocyte differentiation model,E1 Oligodendrocyte lineage,Oligodendrocyte,cell_function,yes,Detection and Analysis of Critical Dynamic Properties of Oligodendrocyte Differentiation,10.3390/math10162928,verified,not_verified,bibliography_verified,parameters_incomplete,no,,license_unclear,bibliography_verified,Equation audit is not complete.,high,2026-07-23
screen_0103,322,OPC proliferation models,E1 Oligodendrocyte lineage,Oligodendrocyte and OPC,cell_population,no,,,not_verified,not_verified,not_verified,not_verified,no,,not_assessed,candidate,"In scope after title-level inventory screening; source-specific bibliographic, full-text, equation, and license evidence remains pending.",medium,2026-07-23
screen_0104,323,OPC migration models,E1 Oligodendrocyte lineage,Oligodendrocyte and OPC,cell_population,no,,,not_verified,not_verified,not_verified,not_verified,no,,not_assessed,candidate,"In scope after title-level inventory screening; source-specific bibliographic, full-text, equation, and license evidence remains pending.",medium,2026-07-23
screen_0105,324,OPC differentiation models,E1 Oligodendrocyte lineage,Oligodendrocyte and OPC,cell_population,no,,,not_verified,not_verified,not_verified,not_verified,no,,not_assessed,candidate,"In scope after title-level inventory screening; source-specific bibliographic, full-text, equation, and license evidence remains pending.",medium,2026-07-23
screen_0106,325,OPC density-regulation models,E1 Oligodendrocyte lineage,Oligodendrocyte and OPC,cell_population,no,,,not_verified,not_verified,not_verified,not_verified,no,,not_assessed,candidate,"In scope after title-level inventory screening; source-specific bibliographic, full-text, equation, and license evidence remains pending.",medium,2026-07-23
screen_0107,326,OPC-to-pre-oligodendrocyte transition models,E1 Oligodendrocyte lineage,Oligodendrocyte and OPC,cell_population,no,,,not_verified,not_verified,not_verified,not_verified,no,,not_assessed,candidate,"In scope after title-level inventory screening; source-specific bibliographic, full-text, equation, and license evidence remains pending.",medium,2026-07-23
screen_0108,327,Pre-oligodendrocyte-to-mature-oligodendrocyte models,E1 Oligodendrocyte lineage,Oligodendrocyte and OPC,cell_population,no,,,not_verified,not_verified,not_verified,not_verified,no,,not_assessed,candidate,"In scope after title-level inventory screening; source-specific bibliographic, full-text, equation, and license evidence remains pending.",medium,2026-07-23
screen_0109,328,Oligodendrocyte lineage Markov models,E1 Oligodendrocyte lineage,Oligodendrocyte and OPC,cell_population,no,,,not_verified,not_verified,not_verified,not_verified,no,,not_assessed,candidate,"In scope after title-level inventory screening; source-specific bibliographic, full-text, equation, and license evidence remains pending.",medium,2026-07-23
screen_0110,329,Oligodendrocyte lineage ODE models,E1 Oligodendrocyte lineage,Oligodendrocyte and OPC,cell_population,no,,,not_verified,not_verified,not_verified,not_verified,no,,not_assessed,candidate,"In scope after title-level inventory screening; source-specific bibliographic, full-text, equation, and license evidence remains pending.",medium,2026-07-23
screen_0111,330,Agent-based oligodendrocyte lineage models,E1 Oligodendrocyte lineage,Oligodendrocyte and OPC,cell_population,no,,,not_verified,not_verified,not_verified,not_verified,no,,not_assessed,candidate,"In scope after title-level inventory screening; source-specific bibliographic, full-text, equation, and license evidence remains pending.",medium,2026-07-23
screen_0112,344,MRG myelinated-axon model,E2 Myelinated axons,Myelinated axon,indirect_parameterization,yes,Modeling the Excitability of Mammalian Nerve Fibers: Influence of Afterpotentials on the Recovery Cycle,10.1152/jn.00353.2001,verified,source_identified,bibliography_verified,not_verified,no,,not_assessed,promoted,,high,2026-07-23
screen_0113,345,Double-cable myelinated-axon models,E2 Myelinated axons,Myelinated axon,indirect_parameterization,no,,,not_verified,not_verified,not_verified,not_verified,no,,not_assessed,candidate,"In scope after title-level inventory screening; source-specific bibliographic, full-text, equation, and license evidence remains pending.",medium,2026-07-23
screen_0114,346,Node-of-Ranvier models,E2 Myelinated axons,Myelinated axon,indirect_parameterization,no,,,not_verified,not_verified,not_verified,not_verified,no,,not_assessed,candidate,"In scope after title-level inventory screening; source-specific bibliographic, full-text, equation, and license evidence remains pending.",medium,2026-07-23
screen_0115,347,Paranodal and internodal models,E2 Myelinated axons,Myelinated axon,indirect_parameterization,no,,,not_verified,not_verified,not_verified,not_verified,no,,not_assessed,candidate,"In scope after title-level inventory screening; source-specific bibliographic, full-text, equation, and license evidence remains pending.",medium,2026-07-23
screen_0116,348,g-ratio and conduction-velocity models,E2 Myelinated axons,Myelinated axon,indirect_parameterization,no,,,not_verified,not_verified,not_verified,not_verified,no,,not_assessed,candidate,"In scope after title-level inventory screening; source-specific bibliographic, full-text, equation, and license evidence remains pending.",medium,2026-07-23
screen_0117,349,Myelin-thickness models,E2 Myelinated axons,Myelinated axon,indirect_parameterization,no,,,not_verified,not_verified,not_verified,not_verified,no,,not_assessed,candidate,"In scope after title-level inventory screening; source-specific bibliographic, full-text, equation, and license evidence remains pending.",medium,2026-07-23
screen_0118,350,Internode-length models,E2 Myelinated axons,Myelinated axon,indirect_parameterization,no,,,not_verified,not_verified,not_verified,not_verified,no,,not_assessed,candidate,"In scope after title-level inventory screening; source-specific bibliographic, full-text, equation, and license evidence remains pending.",medium,2026-07-23
screen_0119,351,Demyelination conduction models,E2 Myelinated axons,Myelinated axon,indirect_parameterization,no,,,not_verified,not_verified,not_verified,not_verified,no,,not_assessed,candidate,"In scope after title-level inventory screening; source-specific bibliographic, full-text, equation, and license evidence remains pending.",medium,2026-07-23
screen_0120,352,Remyelination conduction models,E2 Myelinated axons,Myelinated axon,indirect_parameterization,no,,,not_verified,not_verified,not_verified,not_verified,no,,not_assessed,candidate,"In scope after title-level inventory screening; source-specific bibliographic, full-text, equation, and license evidence remains pending.",medium,2026-07-23
screen_0121,369,Pajevic-type myelin and conduction-delay models,E3 Myelin plasticity,Neuron-myelin system,coupled_multicellular,no,,,not_verified,not_verified,not_verified,not_verified,no,,not_assessed,candidate,"In scope after title-level inventory screening; source-specific bibliographic, full-text, equation, and license evidence remains pending.",medium,2026-07-23
screen_0122,370,Noori-type activity-dependent myelination models,E3 Myelin plasticity,Neuron-myelin system,coupled_multicellular,no,,,not_verified,not_verified,not_verified,not_verified,no,,not_assessed,candidate,"In scope after title-level inventory screening; source-specific bibliographic, full-text, equation, and license evidence remains pending.",medium,2026-07-23
screen_0123,371,Adaptive conduction-delay models,E3 Myelin plasticity,Neuron-myelin system,coupled_multicellular,no,,,not_verified,not_verified,not_verified,not_verified,no,,not_assessed,candidate,"In scope after title-level inventory screening; source-specific bibliographic, full-text, equation, and license evidence remains pending.",medium,2026-07-23
screen_0124,372,Myelin-dependent network-synchronization models,E3 Myelin plasticity,Neuron-myelin system,coupled_multicellular,no,,,not_verified,not_verified,not_verified,not_verified,no,,not_assessed,candidate,"In scope after title-level inventory screening; source-specific bibliographic, full-text, equation, and license evidence remains pending.",medium,2026-07-23
screen_0125,373,Joint synaptic and myelin-plasticity models,E3 Myelin plasticity,Neuron-myelin system,coupled_multicellular,no,,,not_verified,not_verified,not_verified,not_verified,no,,not_assessed,candidate,"In scope after title-level inventory screening; source-specific bibliographic, full-text, equation, and license evidence remains pending.",medium,2026-07-23
screen_0126,374,Oligodendrocyte-mediated myelin-plasticity models,E3 Myelin plasticity,Neuron-myelin system,coupled_multicellular,no,,,not_verified,not_verified,not_verified,not_verified,no,,not_assessed,candidate,"In scope after title-level inventory screening; source-specific bibliographic, full-text, equation, and license evidence remains pending.",medium,2026-07-23
screen_0127,394,Multiple-sclerosis demyelination models,E4 Demyelination,Neuron-myelin system,coupled_multicellular,no,,,not_verified,not_verified,not_verified,not_verified,no,,not_assessed,candidate,"In scope after title-level inventory screening; source-specific bibliographic, full-text, equation, and license evidence remains pending.",medium,2026-07-23
screen_0128,395,OPC recruitment models,E4 Demyelination,Neuron-myelin system,coupled_multicellular,no,,,not_verified,not_verified,not_verified,not_verified,no,,not_assessed,candidate,"In scope after title-level inventory screening; source-specific bibliographic, full-text, equation, and license evidence remains pending.",medium,2026-07-23
screen_0129,396,Oligodendrocyte death models,E4 Demyelination,Neuron-myelin system,coupled_multicellular,no,,,not_verified,not_verified,not_verified,not_verified,no,,not_assessed,candidate,"In scope after title-level inventory screening; source-specific bibliographic, full-text, equation, and license evidence remains pending.",medium,2026-07-23
screen_0130,397,Inflammation–demyelination coupling models,E4 Demyelination,Neuron-myelin system,coupled_multicellular,no,,,not_verified,not_verified,not_verified,not_verified,no,,not_assessed,candidate,"In scope after title-level inventory screening; source-specific bibliographic, full-text, equation, and license evidence remains pending.",medium,2026-07-23
screen_0131,398,Remyelination population models,E4 Demyelination,Neuron-myelin system,coupled_multicellular,no,,,not_verified,not_verified,not_verified,not_verified,no,,not_assessed,candidate,"In scope after title-level inventory screening; source-specific bibliographic, full-text, equation, and license evidence remains pending.",medium,2026-07-23
screen_0132,399,Axonal damage–myelin feedback models,E4 Demyelination,Neuron-myelin system,coupled_multicellular,no,,,not_verified,not_verified,not_verified,not_verified,no,,not_assessed,candidate,"In scope after title-level inventory screening; source-specific bibliographic, full-text, equation, and license evidence remains pending.",medium,2026-07-23
screen_0133,409,Schwann-cell precursor differentiation,F Peripheral glia,Schwann cell and peripheral glia,cell_function,no,,,not_verified,not_verified,not_verified,not_verified,no,,not_assessed,candidate,"In scope after title-level inventory screening; source-specific bibliographic, full-text, equation, and license evidence remains pending.",medium,2026-07-23
screen_0134,410,Immature Schwann-cell dynamics,F Peripheral glia,Schwann cell and peripheral glia,cell_function,no,,,not_verified,not_verified,not_verified,not_verified,no,,not_assessed,candidate,"In scope after title-level inventory screening; source-specific bibliographic, full-text, equation, and license evidence remains pending.",medium,2026-07-23
screen_0135,411,Myelinating versus non-myelinating Schwann-cell state models,F Peripheral glia,Schwann cell and peripheral glia,cell_function,no,,,not_verified,not_verified,not_verified,not_verified,no,,not_assessed,candidate,"In scope after title-level inventory screening; source-specific bibliographic, full-text, equation, and license evidence remains pending.",medium,2026-07-23
screen_0136,412,Neuregulin/ErbB-dependent Schwann-cell differentiation,F Peripheral glia,Schwann cell and peripheral glia,cell_function,no,,,not_verified,not_verified,not_verified,not_verified,no,,not_assessed,candidate,"In scope after title-level inventory screening; source-specific bibliographic, full-text, equation, and license evidence remains pending.",medium,2026-07-23
screen_0137,413,Repair Schwann-cell transition,F Peripheral glia,Schwann cell and peripheral glia,cell_function,no,,,not_verified,not_verified,not_verified,not_verified,no,,not_assessed,candidate,"In scope after title-level inventory screening; source-specific bibliographic, full-text, equation, and license evidence remains pending.",medium,2026-07-23
screen_0138,414,c-Jun-driven Schwann-cell injury response,F Peripheral glia,Schwann cell and peripheral glia,cell_function,no,,,not_verified,not_verified,not_verified,not_verified,no,,not_assessed,candidate,"In scope after title-level inventory screening; source-specific bibliographic, full-text, equation, and license evidence remains pending.",medium,2026-07-23
screen_0139,415,Wallerian degeneration multicellular models,F Peripheral glia,Schwann cell and peripheral glia,cell_function,no,,,not_verified,not_verified,not_verified,not_verified,no,,not_assessed,candidate,"In scope after title-level inventory screening; source-specific bibliographic, full-text, equation, and license evidence remains pending.",medium,2026-07-23
screen_0140,416,Schwann-cell–macrophage coupling,F Peripheral glia,Schwann cell and peripheral glia,cell_function,no,,,not_verified,not_verified,not_verified,not_verified,no,,not_assessed,candidate,"In scope after title-level inventory screening; source-specific bibliographic, full-text, equation, and license evidence remains pending.",medium,2026-07-23
screen_0141,417,Büngner-band formation,F Peripheral glia,Schwann cell and peripheral glia,cell_function,no,,,not_verified,not_verified,not_verified,not_verified,no,,not_assessed,candidate,"In scope after title-level inventory screening; source-specific bibliographic, full-text, equation, and license evidence remains pending.",medium,2026-07-23
screen_0142,418,Peripheral-axon regeneration,F Peripheral glia,Schwann cell and peripheral glia,cell_function,no,,,not_verified,not_verified,not_verified,not_verified,no,,not_assessed,candidate,"In scope after title-level inventory screening; source-specific bibliographic, full-text, equation, and license evidence remains pending.",medium,2026-07-23
screen_0143,419,Peripheral remyelination,F Peripheral glia,Schwann cell and peripheral glia,cell_function,no,,,not_verified,not_verified,not_verified,not_verified,no,,not_assessed,candidate,"In scope after title-level inventory screening; source-specific bibliographic, full-text, equation, and license evidence remains pending.",medium,2026-07-23
screen_0144,420,Neural-conduit Schwann-cell migration,F Peripheral glia,Schwann cell and peripheral glia,cell_function,no,,,not_verified,not_verified,not_verified,not_verified,no,,not_assessed,candidate,"In scope after title-level inventory screening; source-specific bibliographic, full-text, equation, and license evidence remains pending.",medium,2026-07-23
screen_0145,421,Terminal Schwann cells at the neuromuscular junction,F Peripheral glia,Schwann cell and peripheral glia,cell_function,no,,,not_verified,not_verified,not_verified,not_verified,no,,not_assessed,candidate,"In scope after title-level inventory screening; source-specific bibliographic, full-text, equation, and license evidence remains pending.",medium,2026-07-23
screen_0146,422,Satellite glial-cell ion-homeostasis models,F Peripheral glia,Schwann cell and peripheral glia,cell_function,no,,,not_verified,not_verified,not_verified,not_verified,no,,not_assessed,candidate,"In scope after title-level inventory screening; source-specific bibliographic, full-text, equation, and license evidence remains pending.",medium,2026-07-23
screen_0147,423,Olfactory ensheathing-cell regeneration models,F Peripheral glia,Schwann cell and peripheral glia,cell_function,no,,,not_verified,not_verified,not_verified,not_verified,no,,not_assessed,candidate,"In scope after title-level inventory screening; source-specific bibliographic, full-text, equation, and license evidence remains pending.",medium,2026-07-23
screen_0148,437,Ependymal cells,G Other nervous-system cells,Other nervous-system cell,not_assessed,no,,,not_verified,not_verified,not_verified,not_verified,no,,not_assessed,candidate,"In scope after title-level inventory screening; source-specific bibliographic, full-text, equation, and license evidence remains pending.",medium,2026-07-23
screen_0149,438,Choroid-plexus epithelial cells,G Other nervous-system cells,Other nervous-system cell,not_assessed,no,,,not_verified,not_verified,not_verified,not_verified,no,,not_assessed,candidate,"In scope after title-level inventory screening; source-specific bibliographic, full-text, equation, and license evidence remains pending.",medium,2026-07-23
screen_0150,439,Radial glia,G Other nervous-system cells,Other nervous-system cell,not_assessed,no,,,not_verified,not_verified,not_verified,not_verified,no,,not_assessed,candidate,"In scope after title-level inventory screening; source-specific bibliographic, full-text, equation, and license evidence remains pending.",medium,2026-07-23
screen_0151,440,Neural stem cells,G Other nervous-system cells,Other nervous-system cell,not_assessed,no,,,not_verified,not_verified,not_verified,not_verified,no,,not_assessed,candidate,"In scope after title-level inventory screening; source-specific bibliographic, full-text, equation, and license evidence remains pending.",medium,2026-07-23
screen_0152,441,Pericytes,G Other nervous-system cells,Other nervous-system cell,not_assessed,no,,,not_verified,not_verified,not_verified,not_verified,no,,not_assessed,candidate,"In scope after title-level inventory screening; source-specific bibliographic, full-text, equation, and license evidence remains pending.",medium,2026-07-23
screen_0153,442,Brain endothelial cells,G Other nervous-system cells,Other nervous-system cell,not_assessed,no,,,not_verified,not_verified,not_verified,not_verified,no,,not_assessed,candidate,"In scope after title-level inventory screening; source-specific bibliographic, full-text, equation, and license evidence remains pending.",medium,2026-07-23
screen_0154,443,Vascular smooth-muscle cells,G Other nervous-system cells,Other nervous-system cell,not_assessed,no,,,not_verified,not_verified,not_verified,not_verified,no,,not_assessed,candidate,"In scope after title-level inventory screening; source-specific bibliographic, full-text, equation, and license evidence remains pending.",medium,2026-07-23
screen_0155,444,Müller glia,G Other nervous-system cells,Other nervous-system cell,not_assessed,no,,,not_verified,not_verified,not_verified,not_verified,no,,not_assessed,candidate,"In scope after title-level inventory screening; source-specific bibliographic, full-text, equation, and license evidence remains pending.",medium,2026-07-23
screen_0156,445,Satellite glial cells,G Other nervous-system cells,Other nervous-system cell,not_assessed,no,,,not_verified,not_verified,not_verified,not_verified,no,,not_assessed,candidate,"In scope after title-level inventory screening; source-specific bibliographic, full-text, equation, and license evidence remains pending.",medium,2026-07-23
screen_0157,446,Enteric glia,G Other nervous-system cells,Other nervous-system cell,not_assessed,no,,,not_verified,not_verified,not_verified,not_verified,no,,not_assessed,candidate,"In scope after title-level inventory screening; source-specific bibliographic, full-text, equation, and license evidence remains pending.",medium,2026-07-23
screen_0158,447,Olfactory ensheathing cells,G Other nervous-system cells,Other nervous-system cell,not_assessed,no,,,not_verified,not_verified,not_verified,not_verified,no,,not_assessed,candidate,"In scope after title-level inventory screening; source-specific bibliographic, full-text, equation, and license evidence remains pending.",medium,2026-07-23
screen_0159,448,Perivascular macrophages,G Other nervous-system cells,Other nervous-system cell,not_assessed,no,,,not_verified,not_verified,not_verified,not_verified,no,,not_assessed,candidate,"In scope after title-level inventory screening; source-specific bibliographic, full-text, equation, and license evidence remains pending.",medium,2026-07-23
screen_0160,449,Meningeal macrophages,G Other nervous-system cells,Other nervous-system cell,not_assessed,no,,,not_verified,not_verified,not_verified,not_verified,no,,not_assessed,candidate,"In scope after title-level inventory screening; source-specific bibliographic, full-text, equation, and license evidence remains pending.",medium,2026-07-23
screen_0161,450,Infiltrating monocytes,G Other nervous-system cells,Other nervous-system cell,not_assessed,no,,,not_verified,not_verified,not_verified,not_verified,no,,not_assessed,candidate,"In scope after title-level inventory screening; source-specific bibliographic, full-text, equation, and license evidence remains pending.",medium,2026-07-23
screen_0162,482,van Vreeswijk–Sompolinsky balanced network,H1 Recurrent spiking networks,Neural population,coupled_multicellular,no,,,not_verified,not_verified,not_verified,not_verified,no,,not_assessed,candidate,"In scope after title-level inventory screening; source-specific bibliographic, full-text, equation, and license evidence remains pending.",medium,2026-07-23
screen_0163,483,Brunel sparse E/I network,H1 Recurrent spiking networks,Neural population,coupled_multicellular,yes,Dynamics of Sparsely Connected Networks of Excitatory and Inhibitory Spiking Neurons,10.1023/A:1008925309027,verified,source_identified,bibliography_verified,not_verified,no,,not_assessed,promoted,,high,2026-07-23
screen_0164,484,Potjans–Diesmann cortical microcircuit,H1 Recurrent spiking networks,Neuron,coupled_multicellular,yes,The cell-type specific cortical microcircuit: relating structure and activity in a full-scale spiking network model,10.1093/cercor/bhs358,verified,source_identified,bibliography_verified,parameters_incomplete,no,,license_unclear,bibliography_verified,Equation audit is not complete.,high,2026-07-23
screen_0165,485,Song–Miller–Abbott STDP network,H1 Recurrent spiking networks,Neural population,coupled_multicellular,no,,,not_verified,not_verified,not_verified,not_verified,no,,not_assessed,candidate,"In scope after title-level inventory screening; source-specific bibliographic, full-text, equation, and license evidence remains pending.",medium,2026-07-23
screen_0166,486,Tsodyks–Markram recurrent STP networks,H1 Recurrent spiking networks,Neural population,coupled_multicellular,no,,,not_verified,not_verified,not_verified,not_verified,no,,not_assessed,candidate,"In scope after title-level inventory screening; source-specific bibliographic, full-text, equation, and license evidence remains pending.",medium,2026-07-23
screen_0167,494,Wilson–Cowan,H2 Neural-mass and field models,Neuron,cell_population,yes,Excitatory and Inhibitory Interactions in Localized Populations of Model Neurons,10.1016/S0006-3495(72)86068-5,verified,source_inspected,equation_transcribed,parameters_incomplete,no,,license_unclear,promoted,,high,2026-07-23
screen_0168,495,Jansen–Rit,H2 Neural-mass and field models,Neural population,cell_population,no,,,not_verified,not_verified,not_verified,not_verified,no,,not_assessed,candidate,"In scope after title-level inventory screening; source-specific bibliographic, full-text, equation, and license evidence remains pending.",medium,2026-07-23
screen_0169,496,Brunel Fokker–Planck mean field,H2 Neural-mass and field models,Neural population,cell_population,no,,,not_verified,not_verified,not_verified,not_verified,no,,not_assessed,candidate,"In scope after title-level inventory screening; source-specific bibliographic, full-text, equation, and license evidence remains pending.",medium,2026-07-23
screen_0170,497,Montbrió–Pazó–Roxin exact QIF mean field,H2 Neural-mass and field models,Neuron,cell_population,yes,Macroscopic Description for Networks of Spiking Neurons,10.1103/PhysRevX.5.021028,verified,source_inspected,equation_transcribed,parameters_incomplete,no,,license_unclear,promoted,,high,2026-07-23
screen_0171,498,Amari neural field,H2 Neural-mass and field models,Neural population,cell_population,no,,,not_verified,not_verified,not_verified,not_verified,no,,not_assessed,candidate,"In scope after title-level inventory screening; source-specific bibliographic, full-text, equation, and license evidence remains pending.",medium,2026-07-23
screen_0172,499,Liley neural-field models,H2 Neural-mass and field models,Neural population,cell_population,no,,,not_verified,not_verified,not_verified,not_verified,no,,not_assessed,candidate,"In scope after title-level inventory screening; source-specific bibliographic, full-text, equation, and license evidence remains pending.",medium,2026-07-23
screen_0173,500,Robinson corticothalamic models,H2 Neural-mass and field models,Neural population,cell_population,no,,,not_verified,not_verified,not_verified,not_verified,no,,not_assessed,candidate,"In scope after title-level inventory screening; source-specific bibliographic, full-text, equation, and license evidence remains pending.",medium,2026-07-23
screen_0174,501,Dynamic mean-field models,H2 Neural-mass and field models,Neural population,cell_population,no,,,not_verified,not_verified,not_verified,not_verified,no,,not_assessed,candidate,"In scope after title-level inventory screening; source-specific bibliographic, full-text, equation, and license evidence remains pending.",medium,2026-07-23
screen_0175,502,Reduced Wong–Wang whole-brain node model,H2 Neural-mass and field models,Neural population,cell_population,no,,,not_verified,not_verified,not_verified,not_verified,no,,not_assessed,candidate,"In scope after title-level inventory screening; source-specific bibliographic, full-text, equation, and license evidence remains pending.",medium,2026-07-23
screen_0176,503,Kuramoto connectome-coupled phase models,H2 Neural-mass and field models,Neural population,cell_population,no,,,not_verified,not_verified,not_verified,not_verified,no,,not_assessed,candidate,"In scope after title-level inventory screening; source-specific bibliographic, full-text, equation, and license evidence remains pending.",medium,2026-07-23
screen_0177,513,Hopfield associative-memory network,H3 Memory and attractor models,Neural population,cell_population,yes,Neural networks and physical systems with emergent collective computational abilities.,10.1073/pnas.79.8.2554,verified,source_identified,bibliography_verified,not_verified,no,,not_assessed,promoted,,high,2026-07-23
screen_0178,514,Continuous-attractor networks,H3 Memory and attractor models,Neural population,cell_population,no,,,not_verified,not_verified,not_verified,not_verified,no,,not_assessed,candidate,"In scope after title-level inventory screening; source-specific bibliographic, full-text, equation, and license evidence remains pending.",medium,2026-07-23
screen_0179,515,Zhang head-direction continuous attractor,H3 Memory and attractor models,Neural population,cell_population,no,,,not_verified,not_verified,not_verified,not_verified,no,,not_assessed,candidate,"In scope after title-level inventory screening; source-specific bibliographic, full-text, equation, and license evidence remains pending.",medium,2026-07-23
screen_0180,516,Burak–Fiete grid-cell continuous attractor,H3 Memory and attractor models,Neural population,cell_population,no,,,not_verified,not_verified,not_verified,not_verified,no,,not_assessed,candidate,"In scope after title-level inventory screening; source-specific bibliographic, full-text, equation, and license evidence remains pending.",medium,2026-07-23
screen_0181,517,Winner-take-all networks,H3 Memory and attractor models,Neural population,cell_population,no,,,not_verified,not_verified,not_verified,not_verified,no,,not_assessed,candidate,"In scope after title-level inventory screening; source-specific bibliographic, full-text, equation, and license evidence remains pending.",medium,2026-07-23
screen_0182,518,Compte prefrontal working-memory network,H3 Memory and attractor models,Neural population,cell_population,no,,,not_verified,not_verified,not_verified,not_verified,no,,not_assessed,candidate,"In scope after title-level inventory screening; source-specific bibliographic, full-text, equation, and license evidence remains pending.",medium,2026-07-23
screen_0183,519,Wong–Wang decision network,H3 Memory and attractor models,Neuron,coupled_multicellular,yes,A recurrent network mechanism of time integration in perceptual decisions,10.1523/JNEUROSCI.3733-05.2006,verified,source_identified,bibliography_verified,parameters_incomplete,no,,license_unclear,bibliography_verified,Equation audit is not complete.,high,2026-07-23
screen_0184,520,Reservoir / liquid-state spiking networks,H3 Memory and attractor models,Neural population,cell_population,no,,,not_verified,not_verified,not_verified,not_verified,no,,not_assessed,candidate,"In scope after title-level inventory screening; source-specific bibliographic, full-text, equation, and license evidence remains pending.",medium,2026-07-23
screen_0185,528,Wang–Buzsáki ING gamma network,H4 Oscillation and sleep models,Neural population,coupled_multicellular,yes,Gamma Oscillation by Synaptic Inhibition in a Hippocampal Interneuronal Network Model,10.1523/JNEUROSCI.16-20-06402.1996,verified,source_identified,bibliography_verified,not_verified,no,,not_assessed,promoted,,high,2026-07-23
screen_0186,529,PING gamma networks,H4 Oscillation and sleep models,Neural population,coupled_multicellular,no,,,not_verified,not_verified,not_verified,not_verified,no,,not_assessed,candidate,"In scope after title-level inventory screening; source-specific bibliographic, full-text, equation, and license evidence remains pending.",medium,2026-07-23
screen_0187,530,Theta–gamma coupling models,H4 Oscillation and sleep models,Neural population,coupled_multicellular,no,,,not_verified,not_verified,not_verified,not_verified,no,,not_assessed,candidate,"In scope after title-level inventory screening; source-specific bibliographic, full-text, equation, and license evidence remains pending.",medium,2026-07-23
screen_0188,531,Thalamic spindle models,H4 Oscillation and sleep models,Neural population,coupled_multicellular,no,,,not_verified,not_verified,not_verified,not_verified,no,,not_assessed,candidate,"In scope after title-level inventory screening; source-specific bibliographic, full-text, equation, and license evidence remains pending.",medium,2026-07-23
screen_0189,532,Thalamocortical slow-wave models,H4 Oscillation and sleep models,Neural population,coupled_multicellular,no,,,not_verified,not_verified,not_verified,not_verified,no,,not_assessed,candidate,"In scope after title-level inventory screening; source-specific bibliographic, full-text, equation, and license evidence remains pending.",medium,2026-07-23
screen_0190,533,Cortical Up/Down-state models,H4 Oscillation and sleep models,Neural population,coupled_multicellular,no,,,not_verified,not_verified,not_verified,not_verified,no,,not_assessed,candidate,"In scope after title-level inventory screening; source-specific bibliographic, full-text, equation, and license evidence remains pending.",medium,2026-07-23
screen_0191,534,Hippocampal sharp-wave-ripple models,H4 Oscillation and sleep models,Neural population,coupled_multicellular,no,,,not_verified,not_verified,not_verified,not_verified,no,,not_assessed,candidate,"In scope after title-level inventory screening; source-specific bibliographic, full-text, equation, and license evidence remains pending.",medium,2026-07-23
screen_0192,535,Slow-wave-sleep models,H4 Oscillation and sleep models,Neural population,coupled_multicellular,no,,,not_verified,not_verified,not_verified,not_verified,no,,not_assessed,candidate,"In scope after title-level inventory screening; source-specific bibliographic, full-text, equation, and license evidence remains pending.",medium,2026-07-23
screen_0193,543,Billeh mouse V1 model,H5 Brain-region circuits,Neural population,coupled_multicellular,no,,,not_verified,not_verified,not_verified,not_verified,no,,not_assessed,candidate,"In scope after title-level inventory screening; source-specific bibliographic, full-text, equation, and license evidence remains pending.",medium,2026-07-23
screen_0194,544,Rao–Ballard predictive-coding circuit,H5 Brain-region circuits,Neural population,coupled_multicellular,no,,,not_verified,not_verified,not_verified,not_verified,no,,not_assessed,candidate,"In scope after title-level inventory screening; source-specific bibliographic, full-text, equation, and license evidence remains pending.",medium,2026-07-23
screen_0195,545,Cell-type-specific PV/SST/VIP cortical circuits,H5 Brain-region circuits,Neural population,coupled_multicellular,no,,,not_verified,not_verified,not_verified,not_verified,no,,not_assessed,candidate,"In scope after title-level inventory screening; source-specific bibliographic, full-text, equation, and license evidence remains pending.",medium,2026-07-23
screen_0196,546,Barrel-cortex models,H5 Brain-region circuits,Neural population,coupled_multicellular,no,,,not_verified,not_verified,not_verified,not_verified,no,,not_assessed,candidate,"In scope after title-level inventory screening; source-specific bibliographic, full-text, equation, and license evidence remains pending.",medium,2026-07-23
screen_0197,547,Compte PFC working-memory circuit,H5 Brain-region circuits,Neural population,coupled_multicellular,no,,,not_verified,not_verified,not_verified,not_verified,no,,not_assessed,candidate,"In scope after title-level inventory screening; source-specific bibliographic, full-text, equation, and license evidence remains pending.",medium,2026-07-23
screen_0198,548,CA3 recurrent-memory circuits,H5 Brain-region circuits,Neural population,coupled_multicellular,no,,,not_verified,not_verified,not_verified,not_verified,no,,not_assessed,candidate,"In scope after title-level inventory screening; source-specific bibliographic, full-text, equation, and license evidence remains pending.",medium,2026-07-23
screen_0199,549,CA1 dendritic-integration circuits,H5 Brain-region circuits,Neural population,coupled_multicellular,no,,,not_verified,not_verified,not_verified,not_verified,no,,not_assessed,candidate,"In scope after title-level inventory screening; source-specific bibliographic, full-text, equation, and license evidence remains pending.",medium,2026-07-23
screen_0200,550,Grid-cell entorhinal circuits,H5 Brain-region circuits,Neural population,coupled_multicellular,no,,,not_verified,not_verified,not_verified,not_verified,no,,not_assessed,candidate,"In scope after title-level inventory screening; source-specific bibliographic, full-text, equation, and license evidence remains pending.",medium,2026-07-23
screen_0201,551,Marr–Albus–Ito cerebellar framework,H5 Brain-region circuits,Neural population,coupled_multicellular,no,,,not_verified,not_verified,not_verified,not_verified,no,,not_assessed,candidate,"In scope after title-level inventory screening; source-specific bibliographic, full-text, equation, and license evidence remains pending.",medium,2026-07-23
screen_0202,552,Cerebellar timing models,H5 Brain-region circuits,Neural population,coupled_multicellular,no,,,not_verified,not_verified,not_verified,not_verified,no,,not_assessed,candidate,"In scope after title-level inventory screening; source-specific bibliographic, full-text, equation, and license evidence remains pending.",medium,2026-07-23
screen_0203,553,Frank basal-ganglia Go/NoGo model,H5 Brain-region circuits,Neural population,coupled_multicellular,no,,,not_verified,not_verified,not_verified,not_verified,no,,not_assessed,candidate,"In scope after title-level inventory screening; source-specific bibliographic, full-text, equation, and license evidence remains pending.",medium,2026-07-23
screen_0204,554,Gurney–Prescott–Redgrave action-selection model,H5 Brain-region circuits,Neural population,coupled_multicellular,no,,,not_verified,not_verified,not_verified,not_verified,no,,not_assessed,candidate,"In scope after title-level inventory screening; source-specific bibliographic, full-text, equation, and license evidence remains pending.",medium,2026-07-23
screen_0205,555,Terman STN–GPe model,H5 Brain-region circuits,Neural population,coupled_multicellular,no,,,not_verified,not_verified,not_verified,not_verified,no,,not_assessed,candidate,"In scope after title-level inventory screening; source-specific bibliographic, full-text, equation, and license evidence remains pending.",medium,2026-07-23
screen_0206,556,Olfactory-bulb mitral–granule networks,H5 Brain-region circuits,Neural population,coupled_multicellular,no,,,not_verified,not_verified,not_verified,not_verified,no,,not_assessed,candidate,"In scope after title-level inventory screening; source-specific bibliographic, full-text, equation, and license evidence remains pending.",medium,2026-07-23
screen_0207,557,Amygdala fear-learning networks,H5 Brain-region circuits,Neural population,coupled_multicellular,no,,,not_verified,not_verified,not_verified,not_verified,no,,not_assessed,candidate,"In scope after title-level inventory screening; source-specific bibliographic, full-text, equation, and license evidence remains pending.",medium,2026-07-23
screen_0208,558,Locus-coeruleus neuromodulatory networks,H5 Brain-region circuits,Neural population,coupled_multicellular,no,,,not_verified,not_verified,not_verified,not_verified,no,,not_assessed,candidate,"In scope after title-level inventory screening; source-specific bibliographic, full-text, equation, and license evidence remains pending.",medium,2026-07-23
screen_0209,559,Spinal central-pattern-generator models,H5 Brain-region circuits,Neural population,coupled_multicellular,no,,,not_verified,not_verified,not_verified,not_verified,no,,not_assessed,candidate,"In scope after title-level inventory screening; source-specific bibliographic, full-text, equation, and license evidence remains pending.",medium,2026-07-23
screen_0210,560,Pre-Bötzinger respiratory-rhythm models,H5 Brain-region circuits,Neural population,coupled_multicellular,no,,,not_verified,not_verified,not_verified,not_verified,no,,not_assessed,candidate,"In scope after title-level inventory screening; source-specific bibliographic, full-text, equation, and license evidence remains pending.",medium,2026-07-23
screen_0211,576,Nadkarni–Jung minimal neuron–astrocyte unit,I1 Nadkarni-Jung models,Mixed neuron-glia system,coupled_multicellular,no,,,not_verified,not_verified,not_verified,not_verified,no,,not_assessed,candidate,"In scope after title-level inventory screening; source-specific bibliographic, full-text, equation, and license evidence remains pending.",medium,2026-07-23
screen_0212,577,Nadkarni–Jung tripartite-synapse extensions,I1 Nadkarni-Jung models,Mixed neuron-glia system,coupled_multicellular,no,,,not_verified,not_verified,not_verified,not_verified,no,,not_assessed,candidate,"In scope after title-level inventory screening; source-specific bibliographic, full-text, equation, and license evidence remains pending.",medium,2026-07-23
screen_0213,594,Dynamical patterns of calcium signaling in a functional model of neuron-astrocyte networks,I2 Postnov model,Mixed neuron-glia system,coupled_multicellular,yes,Dynamical patterns of calcium signaling in a functional model of neuron-astrocyte networks,10.1007/s10867-009-9156-x,verified,source_identified,bibliography_verified,parameters_incomplete,no,,license_unclear,bibliography_verified,Equation audit is not complete.,high,2026-07-23
screen_0214,615-616,A Neural-Astrocytic Network Architecture: Astrocytic calcium waves modulate synchronous neuronal activity,I3 Polykretis network architecture,Mixed neuron-glia system,coupled_multicellular,yes,A Neural-Astrocytic Network Architecture: Astrocytic calcium waves modulate synchronous neuronal activity,10.1145/3229884.3229890,verified,source_inspected,equation_located,not_verified,no,,not_assessed,promoted,,high,2026-07-23
screen_0215,653,The Astrocytic Microdomain as a Generative Mechanism for Local Plasticity,I4 Astrocytic microdomain,Mixed neuron-glia system,coupled_multicellular,yes,The Astrocytic Microdomain as a Generative Mechanism for Local Plasticity,10.1007/978-3-030-05587-5_15,verified,source_identified,bibliography_verified,not_verified,no,,not_assessed,promoted,,high,2026-07-23
screen_0216,670,Kozachkov–Michmizos neuronal–astrocytic associative-memory models,I5 Associative memory,Mixed neuron-glia system,coupled_multicellular,no,,,not_verified,not_verified,not_verified,not_verified,no,,not_assessed,candidate,"In scope after title-level inventory screening; source-specific bibliographic, full-text, equation, and license evidence remains pending.",medium,2026-07-23
screen_0217,671,Sequence Learning in Associative Neuronal-Astrocytic Networks,I5 Associative memory,Mixed neuron-glia system,coupled_multicellular,yes,Sequence Learning in Associative Neuronal-Astrocytic Networks,10.1007/978-3-030-59277-6_32,verified,source_identified,bibliography_verified,not_verified,no,,not_assessed,promoted,,high,2026-07-23
screen_0218,672,Neuron–Astrocyte Associative Memory,I5 Associative memory,Mixed neuron-glia system,coupled_multicellular,yes,Neuron-astrocyte associative memory,10.1073/pnas.2417788122,verified,source_identified,bibliography_verified,not_verified,no,,not_assessed,promoted,,high,2026-07-23
screen_0219,691,Astrocytic calcium-wave slow-rhythm models,I6 Astrocyte slow rhythms,Mixed neuron-glia system,coupled_multicellular,no,,,not_verified,not_verified,not_verified,not_verified,no,,not_assessed,candidate,"In scope after title-level inventory screening; source-specific bibliographic, full-text, equation, and license evidence remains pending.",medium,2026-07-23
screen_0220,692,Astrocyte-mediated slow-wave networks,I6 Astrocyte slow rhythms,Mixed neuron-glia system,coupled_multicellular,no,,,not_verified,not_verified,not_verified,not_verified,no,,not_assessed,candidate,"In scope after title-level inventory screening; source-specific bibliographic, full-text, equation, and license evidence remains pending.",medium,2026-07-23
screen_0221,693,Astrocytic modulation of hippocampal theta,I6 Astrocyte slow rhythms,Mixed neuron-glia system,coupled_multicellular,no,,,not_verified,not_verified,not_verified,not_verified,no,,not_assessed,candidate,"In scope after title-level inventory screening; source-specific bibliographic, full-text, equation, and license evidence remains pending.",medium,2026-07-23
screen_0222,694,Astrocyte-mediated sleep-memory network models,I6 Astrocyte slow rhythms,Mixed neuron-glia system,coupled_multicellular,no,,,not_verified,not_verified,not_verified,not_verified,no,,not_assessed,candidate,"In scope after title-level inventory screening; source-specific bibliographic, full-text, equation, and license evidence remains pending.",medium,2026-07-23
screen_0223,710,Astrocyte-dependent place-cell formation,I7 Place-cell models,Mixed neuron-glia system,coupled_multicellular,yes,The role of astrocytes in place cell formation: A computational modeling study,10.1007/s10827-022-00828-6,verified,source_identified,bibliography_verified,not_verified,no,,not_assessed,promoted,,high,2026-07-23
screen_0224,711,CA3–CA1 neuron–astrocyte network models,I7 Place-cell models,Mixed neuron-glia system,coupled_multicellular,no,,,not_verified,not_verified,not_verified,not_verified,no,,not_assessed,candidate,"In scope after title-level inventory screening; source-specific bibliographic, full-text, equation, and license evidence remains pending.",medium,2026-07-23
screen_0225,712,Extracellular-calcium-regulated place-cell models,I7 Place-cell models,Mixed neuron-glia system,coupled_multicellular,no,,,not_verified,not_verified,not_verified,not_verified,no,,not_assessed,candidate,"In scope after title-level inventory screening; source-specific bibliographic, full-text, equation, and license evidence remains pending.",medium,2026-07-23
screen_0226,733,Astrocyte K+-buffering–neuron excitability networks,I8 Ionic and metabolic networks,Mixed neuron-glia system,coupled_multicellular,no,,,not_verified,not_verified,not_verified,not_verified,no,,not_assessed,candidate,"In scope after title-level inventory screening; source-specific bibliographic, full-text, equation, and license evidence remains pending.",medium,2026-07-23
screen_0227,734,Astrocyte glutamate-uptake–E/I networks,I8 Ionic and metabolic networks,Mixed neuron-glia system,coupled_multicellular,no,,,not_verified,not_verified,not_verified,not_verified,no,,not_assessed,candidate,"In scope after title-level inventory screening; source-specific bibliographic, full-text, equation, and license evidence remains pending.",medium,2026-07-23
screen_0228,735,Neuron–astrocyte metabolic networks,I8 Ionic and metabolic networks,Mixed neuron-glia system,coupled_multicellular,no,,,not_verified,not_verified,not_verified,not_verified,no,,not_assessed,candidate,"In scope after title-level inventory screening; source-specific bibliographic, full-text, equation, and license evidence remains pending.",medium,2026-07-23
screen_0229,736,Neuron–astrocyte lactate-shuttle networks,I8 Ionic and metabolic networks,Mixed neuron-glia system,coupled_multicellular,no,,,not_verified,not_verified,not_verified,not_verified,no,,not_assessed,candidate,"In scope after title-level inventory screening; source-specific bibliographic, full-text, equation, and license evidence remains pending.",medium,2026-07-23
screen_0230,737,Astrocyte cell-volume–seizure networks,I8 Ionic and metabolic networks,Mixed neuron-glia system,coupled_multicellular,no,,,not_verified,not_verified,not_verified,not_verified,no,,not_assessed,candidate,"In scope after title-level inventory screening; source-specific bibliographic, full-text, equation, and license evidence remains pending.",medium,2026-07-23
screen_0231,738,Astrocyte gap-junction–neuronal synchronization networks,I8 Ionic and metabolic networks,Mixed neuron-glia system,coupled_multicellular,no,,,not_verified,not_verified,not_verified,not_verified,no,,not_assessed,candidate,"In scope after title-level inventory screening; source-specific bibliographic, full-text, equation, and license evidence remains pending.",medium,2026-07-23
screen_0232,748,Microglia-dependent synaptic-pruning networks,J Neuron-microglia networks,Mixed neuron-microglia system,coupled_multicellular,no,,,not_verified,not_verified,not_verified,not_verified,no,,not_assessed,candidate,"In scope after title-level inventory screening; source-specific bibliographic, full-text, equation, and license evidence remains pending.",medium,2026-07-23
screen_0233,749,Complement-mediated network-rewiring models,J Neuron-microglia networks,Mixed neuron-microglia system,coupled_multicellular,no,,,not_verified,not_verified,not_verified,not_verified,no,,not_assessed,candidate,"In scope after title-level inventory screening; source-specific bibliographic, full-text, equation, and license evidence remains pending.",medium,2026-07-23
screen_0234,750,Cytokine-driven neuronal-damage networks,J Neuron-microglia networks,Mixed neuron-microglia system,coupled_multicellular,no,,,not_verified,not_verified,not_verified,not_verified,no,,not_assessed,candidate,"In scope after title-level inventory screening; source-specific bibliographic, full-text, equation, and license evidence remains pending.",medium,2026-07-23
screen_0235,751,ATP/P2Y12 neuron–microglia coupling,J Neuron-microglia networks,Mixed neuron-microglia system,coupled_multicellular,no,,,not_verified,not_verified,not_verified,not_verified,no,,not_assessed,candidate,"In scope after title-level inventory screening; source-specific bibliographic, full-text, equation, and license evidence remains pending.",medium,2026-07-23
screen_0236,752,CX3CL1/CX3CR1 neuron–microglia coupling,J Neuron-microglia networks,Mixed neuron-microglia system,coupled_multicellular,no,,,not_verified,not_verified,not_verified,not_verified,no,,not_assessed,candidate,"In scope after title-level inventory screening; source-specific bibliographic, full-text, equation, and license evidence remains pending.",medium,2026-07-23
screen_0237,753,TREM2/APOE neurodegeneration networks,J Neuron-microglia networks,Mixed neuron-microglia system,coupled_multicellular,no,,,not_verified,not_verified,not_verified,not_verified,no,,not_assessed,candidate,"In scope after title-level inventory screening; source-specific bibliographic, full-text, equation, and license evidence remains pending.",medium,2026-07-23
screen_0238,754,Microglial Aβ-clearance neuronal networks,J Neuron-microglia networks,Mixed neuron-microglia system,coupled_multicellular,no,,,not_verified,not_verified,not_verified,not_verified,no,,not_assessed,candidate,"In scope after title-level inventory screening; source-specific bibliographic, full-text, equation, and license evidence remains pending.",medium,2026-07-23
screen_0239,755,Microglia-dependent epilepsy networks,J Neuron-microglia networks,Mixed neuron-microglia system,coupled_multicellular,no,,,not_verified,not_verified,not_verified,not_verified,no,,not_assessed,candidate,"In scope after title-level inventory screening; source-specific bibliographic, full-text, equation, and license evidence remains pending.",medium,2026-07-23
screen_0240,756,Microglia–astrocyte–neuron inflammatory networks,J Neuron-microglia networks,Mixed neuron-microglia system,coupled_multicellular,no,,,not_verified,not_verified,not_verified,not_verified,no,,not_assessed,candidate,"In scope after title-level inventory screening; source-specific bibliographic, full-text, equation, and license evidence remains pending.",medium,2026-07-23
screen_0241,780,Myelin-dependent conduction-delay networks,K Neuron-myelin networks,Neuron-myelin system,coupled_multicellular,no,,,not_verified,not_verified,not_verified,not_verified,no,,not_assessed,candidate,"In scope after title-level inventory screening; source-specific bibliographic, full-text, equation, and license evidence remains pending.",medium,2026-07-23
screen_0242,781,Activity-dependent myelination networks,K Neuron-myelin networks,Neuron-myelin system,coupled_multicellular,no,,,not_verified,not_verified,not_verified,not_verified,no,,not_assessed,candidate,"In scope after title-level inventory screening; source-specific bibliographic, full-text, equation, and license evidence remains pending.",medium,2026-07-23
screen_0243,782,Adaptive myelin-plasticity networks,K Neuron-myelin networks,Neuron-myelin system,coupled_multicellular,no,,,not_verified,not_verified,not_verified,not_verified,no,,not_assessed,candidate,"In scope after title-level inventory screening; source-specific bibliographic, full-text, equation, and license evidence remains pending.",medium,2026-07-23
screen_0244,783,Oligodendrocyte-mediated network synchronization,K Neuron-myelin networks,Neuron-myelin system,coupled_multicellular,no,,,not_verified,not_verified,not_verified,not_verified,no,,not_assessed,candidate,"In scope after title-level inventory screening; source-specific bibliographic, full-text, equation, and license evidence remains pending.",medium,2026-07-23
screen_0245,784,Joint synaptic–myelin learning models,K Neuron-myelin networks,Neuron-myelin system,coupled_multicellular,no,,,not_verified,not_verified,not_verified,not_verified,no,,not_assessed,candidate,"In scope after title-level inventory screening; source-specific bibliographic, full-text, equation, and license evidence remains pending.",medium,2026-07-23
screen_0246,785,Demyelination-induced network desynchronization,K Neuron-myelin networks,Neuron-myelin system,coupled_multicellular,no,,,not_verified,not_verified,not_verified,not_verified,no,,not_assessed,candidate,"In scope after title-level inventory screening; source-specific bibliographic, full-text, equation, and license evidence remains pending.",medium,2026-07-23
screen_0247,786,Remyelination and functional-recovery networks,K Neuron-myelin networks,Neuron-myelin system,coupled_multicellular,no,,,not_verified,not_verified,not_verified,not_verified,no,,not_assessed,candidate,"In scope after title-level inventory screening; source-specific bibliographic, full-text, equation, and license evidence remains pending.",medium,2026-07-23
screen_0248,787,Axon–oligodendrocyte metabolic-support models,K Neuron-myelin networks,Neuron-myelin system,coupled_multicellular,no,,,not_verified,not_verified,not_verified,not_verified,no,,not_assessed,candidate,"In scope after title-level inventory screening; source-specific bibliographic, full-text, equation, and license evidence remains pending.",medium,2026-07-23
screen_0249,809,Axon–Schwann-cell myelination models,L Peripheral-nerve networks,Neuron-Schwann system,coupled_multicellular,no,,,not_verified,not_verified,not_verified,not_verified,no,,not_assessed,candidate,"In scope after title-level inventory screening; source-specific bibliographic, full-text, equation, and license evidence remains pending.",medium,2026-07-23
screen_0250,810,Peripheral-nerve injury networks,L Peripheral-nerve networks,Neuron-Schwann system,coupled_multicellular,no,,,not_verified,not_verified,not_verified,not_verified,no,,not_assessed,candidate,"In scope after title-level inventory screening; source-specific bibliographic, full-text, equation, and license evidence remains pending.",medium,2026-07-23
screen_0251,811,Wallerian-degeneration multicellular networks,L Peripheral-nerve networks,Neuron-Schwann system,coupled_multicellular,no,,,not_verified,not_verified,not_verified,not_verified,no,,not_assessed,candidate,"In scope after title-level inventory screening; source-specific bibliographic, full-text, equation, and license evidence remains pending.",medium,2026-07-23
screen_0252,812,Schwann-cell–macrophage regeneration models,L Peripheral-nerve networks,Neuron-Schwann system,coupled_multicellular,no,,,not_verified,not_verified,not_verified,not_verified,no,,not_assessed,candidate,"In scope after title-level inventory screening; source-specific bibliographic, full-text, equation, and license evidence remains pending.",medium,2026-07-23
screen_0253,813,Repair-Schwann-cell–axon regrowth models,L Peripheral-nerve networks,Neuron-Schwann system,coupled_multicellular,no,,,not_verified,not_verified,not_verified,not_verified,no,,not_assessed,candidate,"In scope after title-level inventory screening; source-specific bibliographic, full-text, equation, and license evidence remains pending.",medium,2026-07-23
screen_0254,814,Peripheral remyelination networks,L Peripheral-nerve networks,Neuron-Schwann system,coupled_multicellular,no,,,not_verified,not_verified,not_verified,not_verified,no,,not_assessed,candidate,"In scope after title-level inventory screening; source-specific bibliographic, full-text, equation, and license evidence remains pending.",medium,2026-07-23
screen_0255,815,Neuromuscular-junction terminal-Schwann-cell models,L Peripheral-nerve networks,Neuron-Schwann system,coupled_multicellular,no,,,not_verified,not_verified,not_verified,not_verified,no,,not_assessed,candidate,"In scope after title-level inventory screening; source-specific bibliographic, full-text, equation, and license evidence remains pending.",medium,2026-07-23
screen_0256,827,Neuron–astrocyte–vascular smooth-muscle models,M Neurovascular networks,Neurovascular system,coupled_multicellular,no,,,not_verified,not_verified,not_verified,not_verified,no,,not_assessed,candidate,"In scope after title-level inventory screening; source-specific bibliographic, full-text, equation, and license evidence remains pending.",medium,2026-07-23
screen_0257,828,Neuron–astrocyte–pericyte models,M Neurovascular networks,Neurovascular system,coupled_multicellular,no,,,not_verified,not_verified,not_verified,not_verified,no,,not_assessed,candidate,"In scope after title-level inventory screening; source-specific bibliographic, full-text, equation, and license evidence remains pending.",medium,2026-07-23
screen_0258,829,Neuron–astrocyte–endothelial models,M Neurovascular networks,Neurovascular system,coupled_multicellular,no,,,not_verified,not_verified,not_verified,not_verified,no,,not_assessed,candidate,"In scope after title-level inventory screening; source-specific bibliographic, full-text, equation, and license evidence remains pending.",medium,2026-07-23
screen_0259,830,Neuron–astrocyte–pericyte–endothelial neurovascular-unit models,M Neurovascular networks,Neurovascular system,coupled_multicellular,no,,,not_verified,not_verified,not_verified,not_verified,no,,not_assessed,candidate,"In scope after title-level inventory screening; source-specific bibliographic, full-text, equation, and license evidence remains pending.",medium,2026-07-23
screen_0260,831,Astrocyte calcium–vascular-diameter models,M Neurovascular networks,Neurovascular system,coupled_multicellular,no,,,not_verified,not_verified,not_verified,not_verified,no,,not_assessed,candidate,"In scope after title-level inventory screening; source-specific bibliographic, full-text, equation, and license evidence remains pending.",medium,2026-07-23
screen_0261,832,NO-dependent neurovascular models,M Neurovascular networks,Neurovascular system,coupled_multicellular,no,,,not_verified,not_verified,not_verified,not_verified,no,,not_assessed,candidate,"In scope after title-level inventory screening; source-specific bibliographic, full-text, equation, and license evidence remains pending.",medium,2026-07-23
screen_0262,833,Arachidonic-acid metabolite vascular models,M Neurovascular networks,Neurovascular system,coupled_multicellular,no,,,not_verified,not_verified,not_verified,not_verified,no,,not_assessed,candidate,"In scope after title-level inventory screening; source-specific bibliographic, full-text, equation, and license evidence remains pending.",medium,2026-07-23
screen_0263,834,Inflammation-dependent neurovascular models,M Neurovascular networks,Neurovascular system,coupled_multicellular,no,,,not_verified,not_verified,not_verified,not_verified,no,,not_assessed,candidate,"In scope after title-level inventory screening; source-specific bibliographic, full-text, equation, and license evidence remains pending.",medium,2026-07-23
screen_0264,835,Microglia–astrocyte–vascular models,M Neurovascular networks,Neurovascular system,coupled_multicellular,no,,,not_verified,not_verified,not_verified,not_verified,no,,not_assessed,candidate,"In scope after title-level inventory screening; source-specific bibliographic, full-text, equation, and license evidence remains pending.",medium,2026-07-23
screen_0265,836,Blood–brain-barrier permeability networks,M Neurovascular networks,Neurovascular system,coupled_multicellular,no,,,not_verified,not_verified,not_verified,not_verified,no,,not_assessed,candidate,"In scope after title-level inventory screening; source-specific bibliographic, full-text, equation, and license evidence remains pending.",medium,2026-07-23
screen_0266,837,BOLD forward models,M Neurovascular networks,Neurovascular system,coupled_multicellular,no,,,not_verified,not_verified,not_verified,not_verified,no,,not_assessed,candidate,"In scope after title-level inventory screening; source-specific bibliographic, full-text, equation, and license evidence remains pending.",medium,2026-07-23
screen_0267,865,Epileptor,N Disease and whole-brain models,Neural population,coupled_multicellular,yes,On the nature of seizure dynamics,10.1093/brain/awu133,verified,source_identified,bibliography_verified,not_verified,no,,not_assessed,promoted,,high,2026-07-23
screen_0268,866,Epileptor connectome networks,N Disease and whole-brain models,Neural population,coupled_multicellular,no,,,not_verified,not_verified,not_verified,not_verified,no,,not_assessed,candidate,"In scope after title-level inventory screening; source-specific bibliographic, full-text, equation, and license evidence remains pending.",medium,2026-07-23
screen_0269,867,Virtual Epileptic Patient models,N Disease and whole-brain models,Neural population,coupled_multicellular,no,,,not_verified,not_verified,not_verified,not_verified,no,,not_assessed,candidate,"In scope after title-level inventory screening; source-specific bibliographic, full-text, equation, and license evidence remains pending.",medium,2026-07-23
screen_0270,868,Spreading-depolarization models,N Disease and whole-brain models,Neural population,coupled_multicellular,no,,,not_verified,not_verified,not_verified,not_verified,no,,not_assessed,candidate,"In scope after title-level inventory screening; source-specific bibliographic, full-text, equation, and license evidence remains pending.",medium,2026-07-23
screen_0271,869,Astrocyte-related epilepsy networks,N Disease and whole-brain models,Neural population,coupled_multicellular,no,,,not_verified,not_verified,not_verified,not_verified,no,,not_assessed,candidate,"In scope after title-level inventory screening; source-specific bibliographic, full-text, equation, and license evidence remains pending.",medium,2026-07-23
screen_0272,870,Microglia-related neuroinflammation networks,N Disease and whole-brain models,Neural population,coupled_multicellular,no,,,not_verified,not_verified,not_verified,not_verified,no,,not_assessed,candidate,"In scope after title-level inventory screening; source-specific bibliographic, full-text, equation, and license evidence remains pending.",medium,2026-07-23
screen_0273,871,Alzheimer disease Aβ/tau/glia networks,N Disease and whole-brain models,Neural population,coupled_multicellular,no,,,not_verified,not_verified,not_verified,not_verified,no,,not_assessed,candidate,"In scope after title-level inventory screening; source-specific bibliographic, full-text, equation, and license evidence remains pending.",medium,2026-07-23
screen_0274,872,Demyelination and multiple-sclerosis networks,N Disease and whole-brain models,Neural population,coupled_multicellular,no,,,not_verified,not_verified,not_verified,not_verified,no,,not_assessed,candidate,"In scope after title-level inventory screening; source-specific bibliographic, full-text, equation, and license evidence remains pending.",medium,2026-07-23
screen_0275,873,Whole-brain dynamic mean-field models,N Disease and whole-brain models,Neural population,coupled_multicellular,no,,,not_verified,not_verified,not_verified,not_verified,no,,not_assessed,candidate,"In scope after title-level inventory screening; source-specific bibliographic, full-text, equation, and license evidence remains pending.",medium,2026-07-23
screen_0276,874,Reduced Wong–Wang connectome models,N Disease and whole-brain models,Neural population,coupled_multicellular,no,,,not_verified,not_verified,not_verified,not_verified,no,,not_assessed,candidate,"In scope after title-level inventory screening; source-specific bibliographic, full-text, equation, and license evidence remains pending.",medium,2026-07-23
screen_0277,875,Kuramoto connectome models,N Disease and whole-brain models,Neural population,coupled_multicellular,no,,,not_verified,not_verified,not_verified,not_verified,no,,not_assessed,candidate,"In scope after title-level inventory screening; source-specific bibliographic, full-text, equation, and license evidence remains pending.",medium,2026-07-23
screen_0278,876,Corticothalamic neural-field models,N Disease and whole-brain models,Neural population,coupled_multicellular,no,,,not_verified,not_verified,not_verified,not_verified,no,,not_assessed,candidate,"In scope after title-level inventory screening; source-specific bibliographic, full-text, equation, and license evidence remains pending.",medium,2026-07-23
